index,names,exp_cof,iupac,smiles
1,MB811,0.02278 ,2-ethylhexyl oleate,CCCCCCCCC=CCCCCCCCC(=O)OCC(CC)CCCC
2,ES2958,0.03072 ,bis(2-ethylhexyl) azelate ,CCCCC(CC)COC(=O)CCCCCCCC(=O)OCC(CC)CCCC
3,KL385,0.07272 ,"neopentyl glycol 3,5,5-trimethylhexanoate",CC(CC(=O)OCC(C)(C)CO)CC(C)(C)C
4,Priolube1976,0.02800 ,arachidyl stearate,CCCCCCCCCCCCCCCCCCCCOC(=O)CCCCCCCCCCCCCCCCC
5,MB1381,0.02660 ,"3,5-diethylnonanyl oleate",CCCCCCCCC=CCCCCCCCC(=O)OCC(CC)CC(CC)CCCCC
6,11MeC23,0.01686 ,11-methyltricosane,CCCCCCCCCCCCC(C)CCCCCCCCCC
7,Max3.5,0.02908 ,9-methyl-11-octylhenicosane  ,CCCCCCCCCCC(CCCCCCCC)CC(C)CCCCCCCC
8,Max2.X,0.02938 ,"11,12-dimethyl docosane",CCCCCCCCCCC(C)C(C)CCCCCCCCCC
9,DOS,0.02962 ,bis(2-ethylhexyl) sebacate,CCCCC(CC)COC(=O)CCCCCCCCC(=O)OCC(CC)CCCC
10,ES2911,0.02800 ,8-methylnonyl nonanoate,CCCCCCCCC(=O)OCCCCCCCC(C)C
11,M182A,0.01640 ,methyl oleate,CCCCCCCCC=CCCCCCCCC(=O)OC
12,DOP,0.04850 ,di(2-ethylhexyl) phthalate,CCCCC(CC)COC(=O)C1=CC=CC=C1C(=O)OCC(CC)CCCC
